{"cameraMode":{"drawMode":0,"name":"Shaded","section":"Shading Mode"},"sceneLighting":false,"audioPlay":false,"sceneViewState":{"showFog":true,"showMaterialUpdate":false,"showSkybox":false,"showFlares":true,"showImageEffects":true,"showParticleSystems":true},"in2DMode":false,"pivot":{"x":0.0700000524520874,"y":0.7053080797195435,"z":0.06969195604324341},"rotation":{"x":-0.21947644650936128,"y":0.5167043805122376,"z":-0.13900984823703767,"w":-0.815799355506897},"size":2.1651771068573,"orthographic":false}