{"cameraMode":{"drawMode":0,"name":"Shaded","section":"Shading Mode"},"sceneLighting":false,"audioPlay":false,"sceneViewState":{"showFog":true,"showMaterialUpdate":false,"showSkybox":false,"showFlares":true,"showImageEffects":true,"showParticleSystems":true},"in2DMode":false,"pivot":{"x":1.7668098211288453,"y":-0.0684356689453125,"z":-0.13033342361450196},"rotation":{"x":0.295549601316452,"y":0.13129647076129914,"z":-0.04104774072766304,"w":0.9453771710395813},"size":3.60959792137146,"orthographic":false}